<?xml version="1.0" encoding="UTF-8"?>
<configuration>
    <appender name="CONSOLE" class="ch.qos.logback.core.ConsoleAppender">
        <encoder>
            <pattern>%d{yyyy-MM-dd HH:mm:ss} [%thread] %-5level %logger{36} - %msg%n</pattern>
        </encoder>
    </appender>

    <logger name="jdbc" level="DEBUG" />
    <logger name="jdbc.sqlonly" level="DEBUG" />
    <logger name="jdbc.audit" level="DEBUG" />
    <logger name="jdbc.resultset" level="DEBUG" />
    <logger name="jdbc.resultsettable" level="DEBUG" />

    <root level="INFO">
        <appender-ref ref="CONSOLE" />
    </root>
</configuration>
