<?xml version="1.0" encoding="UTF-8" ?>
<!DOCTYPE mapper
        PUBLIC "-//mybatis.org//DTD Mapper 3.0//EN"
        "http://mybatis.org/dtd/mybatis-3-mapper.dtd">
<mapper namespace="dc.human.whosthebest.admin.dao.AdminDAO">

    <!--회원목록 페이지-회원 리스트-->
    <resultMap id="userResult" type="userInfoVO">
        <result property="uID"      column="u_id" />
        <result property="uName"    column="u_name" />
        <result property="uGender"  column="u_gender" />
        <result property="uBday"    column="u_bday" />
        <result property="uAddr1"   column="u_addr1" />
        <result property="uAddr2"   column="u_addr2" />
        <result property="uEmail"   column="u_email" />
    </resultMap>

    <!--회원 상세보기-->
    <resultMap id="userInfo" type="myPageInfoVO">
        <result property="uName"        column="u_name" />
        <result property="uID"          column="u_id" />
        <result property="uBday"        column="u_bday" />
        <result property="uGender"      column="u_gender" />
        <result property="uAddr1"       column="u_addr1" />
        <result property="uAddr2"       column="u_addr2" />
        <result property="uEmail"       column="u_email" />
        <result property="uPhone"       column="u_phone"/>
        <result property="createdDate"  column="created_date" />
        <result property="tID"          column="t_id" />
        <result property="tName"        column="t_name"/>
    </resultMap>

    <!--팀목록 페이지-팀 리스트-->
    <resultMap id="teamList" type="teamInfoVO">
        <result property="tID"        column="t_id" />
        <result property="tName"      column="t_name" />
        <result property="tRegion"    column="t_region" />
        <result property="tRankScore" column="rankscore" />
        <result property="tMember"    column="t_member" />
    </resultMap>

    <!-- 팀 상세보기(팀 정보)-->
    <resultMap id="teamInfo" type="teamInfoVO">
        <result property="tID"          column="t_id" />
        <result property="tName"        column="t_name" />
        <result property="tRegion"      column="t_region" />
        <result property="tRankScore"   column="rankscore" />
        <result property="tMinAge"      column="t_minage" />
        <result property="tMaxAge"      column="t_maxage" />
        <result property="tMaxMember"   column="t_maxmember"/>
        <result property="tMember"      column="t_member" />
        <result property="tInfo"        column="t_info" />
        <result property="createdID"    column="created_id" />
        <result property="createdDate"  column="created_date"/>
    </resultMap>

    <!-- 팀 상세보기(팀 참여 경기리스트)-->
    <!-- 마이페이지메인 - 최근 경기결과  -->
    <resultMap id="teamGame" type="recentGameVO">
        <result property="gResDate"     column="g_resdate"  />
        <result property="myTeam"       column="myTeam" />
        <result property="awayTeam"     column="awayTeam" />
        <result property="sName"        column="s_name" />
        <result property="homeGoal"     column="home_goal" />
        <result property="awayGoal"     column="away_goal" />
    </resultMap>

    <!--경기목록 페이지-경기 리스트-->
    <resultMap id="gameList" type="dc.human.whosthebest.vo.GameStadiumVO">
        <result property="gameId"       column="g_id" />
        <result property="gameTitle"    column="g_title" />
        <result property="gameResDate"  column="g_resdate" />
        <result property="stadiumName"  column="s_name" />
        <result property="gameStatus"   column="g_status" />
    </resultMap>

    <!-- 경기목록-경기 상세보기-->
    <resultMap id="gameInfo" type="adminGameListVO">
        <result property="gID"     column="g_id"  />
        <result property="myTeam"       column="myTeam" />
        <result property="awayTeam"     column="awayTeam" />
        <result property="gTitle"       column="g_title" />
        <result property="gResDate"     column="g_resdate" />
        <result property="gTime"        column="g_time" />
        <result property="gInfo"        column="g_info" />
        <result property="gStatus"      column="g_status" />
        <result property="createdID"    column="created_id" />
        <result property="sName"        column="s_name" />
        <result property="homeGoal"     column="home_goal" />
        <result property="awayGoal"     column="away_goal" />
    </resultMap>

    <resultMap id="gameResult" type="recentGameVO">
        <result property="gResDate"     column="g_resdate"/>
        <result property="myTeam"       column="myTeam" />
        <result property="awayTeam"     column="awayTeam" />
        <result property="homeGoal"     column="home_goal" />
        <result property="awayGoal"     column="away_goal" />
        <result property="sName"        column="s_name"   />
    </resultMap>

    <!--관리자메인페이지 - 최근 회원목록-->
    <resultMap id="newUserList" type="userInfoVO">
        <result property="uID"     column="u_id" />
        <result property="uName"   column="u_name" />
        <result property="uGender" column="u_gender" />
        <result property="uBday"   column="u_bday" />
        <result property="uEmail"  column="u_email" />
    </resultMap>

    <!--관리자메인페이지 - 최근 팀목록-->
    <resultMap id="newTeamList" type="teamInfoVO">
        <result property="tID"         column="t_id" />
        <result property="tName"       column="t_name" />
        <result property="tRegion"     column="t_region" />
        <result property="tRankScore"  column="rankscore" />
        <result property="tMember"     column="t_member" />
    </resultMap>


    <!--회원목록 페이지-->
    <select id="selectAllUserList" resultMap="userResult">
        <![CDATA[
        SELECT U_ID,
               u_name,
               u_gender,
               u_bday,
               u_addr1,
               u_email
        FROM (
            SELECT U_ID,
                   u_name,
                   u_gender,
                   u_bday,
                   u_addr1,
                   u_email,
                   ROWNUM AS rnum
            FROM (
                SELECT U_ID,
                       u_name,
                       u_gender,
                       u_bday,
                       u_addr1,
                       u_email
                FROM users
                ORDER BY CREATED_DATE DESC
            )
        )
        ]]>
    </select>

    <!--회원 상세보기-->
    <select id="selectUserDetailById" resultMap="userInfo">
        <![CDATA[
            select u.u_name,
                    u.u_id,
                    u_bday,
                    u_gender,
                    u_addr1,
                    u_addr2,
                    u_email,
                    t.t_name,
                    u.created_date
            from users u, team t, team_member tm
            where tm.u_id=u.u_id
                and tm.t_id = t.t_id
                and u.u_id  = #{uID}
            order by t.rankscore asc
        ]]>
    </select>

    <!--팀목록 페이지-->
    <select id="selectAllTeamList" resultMap="teamList">
        <![CDATA[
            select t_id,
                   t_name,
                   t_region,
                   rankscore,
                   t_member
            from team
        ]]>
    </select>

    <!-- 팀 상세보기 (팀 정보)-->
    <select id="selectTeamDetailById" resultMap="teamInfo">
        <![CDATA[
            select t_name,
                   t_id,
                   t_region,
                   rankscore,
                   t_minage,
                   t_maxage,
                   t_maxmember,
                   t_member,
                   t_info,
                   created_id,
                   created_date
            from team
            where t_id= #{tID}
        ]]>
    </select>

    <!-- 팀 상세보기 (팀 참여 경기리스트)-->
    <select id="selectTeamGame" resultMap="teamGame">
        <![CDATA[
           select  distinct
                   g.G_RESDATE,
                   t.t_name as myTeam,
                   r.home_goal,
                   r.away_goal,
                   tt.t_name as awayTeam,
                   s.s_name
           from G_RESULT r
                INNER JOIN GAME g
                ON g.G_ID = r.g_id
                INNER JOIN STADIUM s
                ON g.S_ID = s.S_ID
                INNER JOIN TEAM t
                ON t.T_ID = r.T_HOMEID
                INNER JOIN TEAM tt
                ON tt.T_ID = r.T_AWAYID
                INNER JOIN SQUAD sq
                on sq.t_id = r.t_homeid
           where t.t_id = #{tID}
           order by g.g_resdate desc
        ]]>
    </select>


    <!--경기목록 페이지-->
    <select id="selectGameList" resultMap="gameList">
        <![CDATA[
        SELECT g_id,
               g_title,
               g_resdate,
               s_name,
               g_status
        FROM (
            SELECT game.g_id,
                   game.g_title,
                   game.g_resdate,
                   stadium.s_name,
                   game.g_status,
                   ROW_NUMBER() OVER (ORDER BY game.G_CREATEDATE DESC) AS rnum
            FROM game
            JOIN stadium ON game.s_id = stadium.s_id
            ORDER BY game.g_id DESC
        )
        ]]>
    </select>

    <!--경기 목록- 경기 상세보기-->
    <select id="selectGameDetailById" resultMap="gameInfo">
        <![CDATA[
            select g.g_id,
                   t.t_name as myTeam,
                   tt.t_name as awayTeam,
                   g.g_title,
                   g.g_resdate,
                   g.g_time,
                   g.g_info,
                   s.s_name,
                   g.g_status,
                   g.created_id
            from game g
                inner join team t
                on g.g_teamid = t.t_id
                inner join team tt
                on g.t_awayid = tt.t_id
                inner join stadium s
                on g.s_id = s.s_id
            where g.g_id = #{gID}
        ]]>
    </select>

    <select id="selectGameResult" resultMap="gameResult">
        <![CDATA[
            select  distinct
                   g.G_RESDATE,
                   t.t_name as myTeam,
                   r.home_goal,
                   r.away_goal,
                   tt.t_name as awayTeam,
                   s.s_name
           from G_RESULT r
                INNER JOIN GAME g
                ON g.G_ID = r.g_id
                INNER JOIN STADIUM s
                ON g.S_ID = s.S_ID
                INNER JOIN TEAM t
                ON t.T_ID = g.g_teamid
                INNER JOIN TEAM tt
                ON tt.T_ID = g.t_awayid
           where g.g_id = #{gID}
           order by g.g_resdate desc
        ]]>
    </select>


    <!--관리자페이지 - 최근 회원목록 조회-->
    <select id="selectNewUserList" resultMap="newUserList">
        <![CDATA[
            select u_id,
                   u_name,
                   u_gender,
                   u_bday,
                   u_email
            from users
            where rownum <= 5 and created_date is not null
            order by created_date desc
        ]]>
    </select>


    <!--관리자페이지 - 최근 팀목록 조회-->
    <select id="selectNewTeamList" resultMap="newTeamList">
        <![CDATA[
            select t_id,
                   t_name,
                   t_region,
                   t_member,
                   created_date
            from team
            where ROWNUM <=5
            order by created_date desc

            ]]>
    </select>




</mapper>