<?xml version="1.0" encoding="UTF-8" ?>
<!DOCTYPE mapper
        PUBLIC "-//mybatis.org//DTD Mapper 3.0//EN"
        "http://mybatis.org/dtd/mybatis-3-mapper.dtd">

<mapper namespace="dc.human.whosthebest.team.dao.TeamDAO">
    <!-- TeamInfoVO resultMap-->
    <resultMap id="teamInfoResult" type="dc.human.whosthebest.vo.TeamInfoVO">
        <id property="tID" column="T_ID" />
        <result property="tName" column="T_NAME" />
        <result property="tLogo" column="T_LOGO" />
        <result property="tRegion" column="T_REGION" />
        <result property="tPhone" column="T_PHONE" />
        <result property="tRankScore" column="RANKSCORE" />
        <result property="rankName" column="RANKNAME" />
        <result property="tMinAge" column="T_MINAGE" />
        <result property="tMaxAge" column="T_MAXAGE" />
        <result property="tMaxMember" column="T_MAXMEMBER" />
        <result property="tMember" column="T_MEMBER" />
        <result property="tInfo" column="T_INFO" />
        <result property="createdID" column="CREATED_ID" />
        <result property="createdDate" column="CREATED_DATE" />
        <result property="updatedID" column="UPDATED_ID" />
        <result property="updatedDate" column="UPDATED_DATE" />
    </resultMap>

    <!--TeamProfileVO resultMap-->
    <resultMap id="teamProfileResult" type="dc.human.whosthebest.vo.TeamProfileVO">
        <id property="tID" column="T_ID"/>
        <result property="tName" column="T_NAME"/>
        <result property="rankName" column="RANKNAME"/> <!--rank table 필드-->
        <result property="tRankScore" column="RANKSCORE"/>
        <result property="tMember" column="T_MEMBER"/>
        <result property="createdID" column="CREATED_ID"/>
        <result property="createdDate" column="CREATED_DATE"/>
        <result property="updatedID" column="UPDATED_ID"/>
        <result property="updatedDate" column="UPDATED_DATE"/>
    </resultMap>

    <!-- aboutTeamDAO 사용을 위한 이식-->
    <!-- gameList resultMap -->
    <resultMap id="gameListResultMap" type="GameListVO">
        <!-- game table -->
        <id property="gID" column="G_ID"/>
        <result property="gTeamID" column="G_TEAMID"/>
        <result property="gTitle" column="G_TITLE"/>
        <result property="gTag" column="G_TAG"/>
        <result property="gCreatedDate" column="G_CREATEDATE"/>
        <result property="gTime" column="G_TIME"/>
        <result property="gMinMember" column="G_MINMEMBER"/>
        <result property="gResDate" column="G_RESDATE"/>
        <result property="gStatus" column="G_STATUS"/>
        <result property="tUserID" column="G_USER_ID"/>
        <result property="sID" column="S_ID"/>
        <result property="sNum" column="S_NUM"/>

        <!-- team table -->
        <result property="tName" column="T_NAME"/>
        <result property="tLogo" column="T_LOGO"/>

        <!-- stadium table -->
        <result property="sName" column="S_NAME"/>
        <result property="sRegion" column="S_REGION"/>
        <result property="sAddr" column="S_ADDR"/>
    </resultMap>

    <resultMap id="GameRecordResultMap" type="GameRecordVO">
        <result property="totalCount" column="totalCount"/>
        <result property="winCount" column="winCount"/>
        <result property="loseCount" column="loseCount"/>
        <result property="drawCount" column="drawCount"/>
    </resultMap>

    <resultMap id="GameRecordInfoResultMap" type="GameRecordInfoListVO">
        <!-- G_RESULT TABLE -->
        <id property="gID" column="G_ID"/>
        <result property="tHomeID" column="T_HOMEID"/>
        <result property="tAwayID" column="T_AWAYID"/>
        <result property="homeGoal" column="HOME_GOAL"/>
        <result property="awayGoal" column="AWAY_GOAL"/>
        <result property="uID" column="U_ID"/>
        <result property="createdID" column="CREATED_ID"/>
        <result property="createdDate" column="CREATED_DATE"/>
        <result property="updatedID" column="UPDATED_ID"/>
        <result property="updatedDate" column="UPDATED_DATE"/>
        <!-- GAME TABLE -->
        <result property="gResDate" column="G_RESDATE"/>

        <result property="tHomeName" column="tHomeName"/>
        <result property="tAwayName" column="tAwayName"/>

        <result property="resultType" column="resultType"/>
    </resultMap>


    <!-- TeamMemberVO resultMap-->
    <resultMap id="teamMemberResult" type="dc.human.whosthebest.vo.TeamMemberVO">
        <id property="tID" column="T_ID" />
        <result property="uID" column="U_ID" />
        <result property="uStatus" column="U_STATUS" />
        <result property="createdID" column="CREATED_ID" />
        <result property="createdDate" column="CREATED_DATE" />
        <result property="updatedID" column="UPDATED_ID" />
        <result property="updatedDate" column="UPDATED_DATE" />
        <result property="leader" column="LEADER"/>
    </resultMap>

    <!-- TeamMemberVO resultMap-->
    <resultMap id="teamMemberInfoResult" type="dc.human.whosthebest.vo.TeamMemberInfoVO">
        <id property="tID" column="T_ID" />
        <result property="uID" column="U_ID" />
        <result property="uStatus" column="U_STATUS" />
        <result property="uBday" column="U_BDAY" />
        <result property="uPhone" column="U_PHONE" />
        <result property="leader" column="LEADER"/>
        <result property="createdID" column="CREATED_ID" />
        <result property="createdDate" column="CREATED_DATE" />
        <result property="updatedID" column="UPDATED_ID" />
        <result property="updatedDate" column="UPDATED_DATE" />

    </resultMap>


    <!--팀 생성-->
    <insert id="insertTeamInfo" parameterType="dc.human.whosthebest.vo.TeamInfoVO">
        <![CDATA[
            INSERT INTO TEAM (
            T_NAME,
            T_LOGO,
            T_REGION,
            T_PHONE,
            T_MINAGE,
            T_MAXAGE,
            T_INFO,
            CREATED_ID
            ) VALUES (
            #{tName},
            #{tLogo},
            #{tRegion},
            #{tPhone},
            #{tMinAge},
            #{tMaxAge},
            #{tInfo},
            #{createdID})
        ]]>
        <selectKey keyProperty="tID" resultType="int" order="AFTER">
            SELECT SEQ_TEAM.CURRVAL FROM dual
        </selectKey>
    </insert>

    <!--팀 가입하기(유저)-->
    <insert id="insertTeamMember" parameterType="dc.human.whosthebest.vo.TeamMemberVO">
        <![CDATA[
            INSERT INTO TEAM_MEMBER (
            T_ID,
            U_ID,
            CREATED_ID
            ) VALUES (
            #{tID},
            #{uID},
            #{createdID})
        ]]>

    </insert>

    <!--팀리스트 select-->
    <select id="selectTeamList" resultMap="teamInfoResult">
        <![CDATA[
        SELECT
            T.T_ID,
            T.T_NAME,
            T.T_REGION,
            CASE
                WHEN T.RANKSCORE IS NULL THEN 'unranked'
                WHEN R.MINSCORE IS NULL OR R.MAXSCORE IS NULL THEN 'unranked'
                ELSE R.RANK_NAME
            END AS RANKNAME,
            T.T_MINAGE,
            T.T_MAXAGE,
            T.T_MEMBER,
            T.T_MAXMEMBER,
            T.T_INFO
        FROM
            TEAM T
        LEFT JOIN
            RANK R ON T.RANKSCORE BETWEEN R.MINSCORE AND R.MAXSCORE

    ]]>
    </select>

    <!-- 랭킹 select_허진욱-->
    <select id="selectRanking" resultMap="teamInfoResult">
        <![CDATA[
        SELECT
            T.T_ID,
            T.T_NAME,
            T.T_REGION,
            T.RANKSCORE,
            CASE
                WHEN T.RANKSCORE IS NULL THEN 'unranked'
                WHEN R.MINSCORE IS NULL OR R.MAXSCORE IS NULL THEN 'unranked'
                ELSE R.RANK_NAME
            END AS RANKNAME,
            T.T_MINAGE,
            T.T_MAXAGE,
            T.T_MEMBER,
            T.T_MAXMEMBER
        FROM
            TEAM T
        LEFT JOIN
            RANK R ON T.RANKSCORE BETWEEN R.MINSCORE AND R.MAXSCORE
        WHERE 1=1
        ]]>
        <if test="region != null and region != ''">
            AND  T.T_REGION = #{region}
        </if>
        <if test="search != null and search != ''">
            AND (
            T.T_NAME = #{search} OR
            T.T_REGION = #{search}
            )
            OR T.T_NAME ||T.T_REGION LIKE '%' || #{search} || '%'
        </if>
        <![CDATA[
        ORDER BY
        CASE
            WHEN T.RANKSCORE IS NULL THEN -1
            ELSE T.RANKSCORE
        END DESC,
        T.RANKSCORE DESC,
        T.CREATED_DATE ASC
        ]]>
    </select>

<!--    &lt;!&ndash; 랭킹 select&ndash;&gt;-->
<!--    <select id="selectRanking" resultMap="teamInfoResult">-->
<!--        <![CDATA[-->
<!--        SELECT-->
<!--            T.T_ID,-->
<!--            T.T_NAME,-->
<!--            T.T_REGION,-->
<!--            T.RANKSCORE,-->
<!--            CASE-->
<!--                WHEN T.RANKSCORE IS NULL THEN 'unranked'-->
<!--                WHEN R.MINSCORE IS NULL OR R.MAXSCORE IS NULL THEN 'unranked'-->
<!--                ELSE R.RANK_NAME-->
<!--            END AS RANKNAME,-->
<!--            T.T_MINAGE,-->
<!--            T.T_MAXAGE,-->
<!--            T.T_MEMBER,-->
<!--            T.T_MAXMEMBER-->
<!--        FROM-->
<!--            TEAM T-->
<!--        LEFT JOIN-->
<!--            RANK R ON T.RANKSCORE BETWEEN R.MINSCORE AND R.MAXSCORE-->
<!--        ORDER BY-->
<!--        CASE-->
<!--            WHEN T.RANKSCORE IS NULL THEN -1-->
<!--            ELSE T.RANKSCORE-->
<!--        END DESC,-->
<!--        T.RANKSCORE DESC,-->
<!--        T.CREATED_DATE ASC-->

<!--    ]]>-->
<!--    </select>-->

    <!-- 사용자가 속한 팀 목록 -->
    <select id="selectTeamsByUserId" resultMap="teamInfoResult">
        SELECT
            T.T_ID,
            T.T_NAME
        FROM
            TEAM_MEMBER TM
        JOIN
            TEAM T
        ON
            TM.T_ID = T.T_ID
        WHERE
            TM.U_ID = #{userID}
    </select>

    <!-- 특정 팀의 상세 정보 -->
    <select id="selectTeamProfile" resultMap="teamProfileResult">
        SELECT
            T.T_ID,
            T.T_NAME,
            T.T_MEMBER,
            TO_CHAR(T.CREATED_DATE, 'YYYY-MM-DD') AS CREATED_DATE,
            T.RANKSCORE,
            CASE
                WHEN T.RANKSCORE IS NULL THEN 'unranked'
                WHEN R.MINSCORE IS NULL OR R.MAXSCORE IS NULL THEN 'unranked'
                ELSE R.RANK_NAME
            END AS RANKNAME
        FROM
            TEAM T
        LEFT JOIN
            RANK R
        ON
            T.RANKSCORE BETWEEN R.MINSCORE AND R.MAXSCORE
        WHERE
            T.T_ID = #{tID}
    </select>

    <!-- 경기일정 -->
    <select id="selectGameSchedule" parameterType="int" resultMap="gameListResultMap"> SELECT g_id, G_TEAMID, G_TITLE, G_TAG, G_CREATEDATE, G_TIME, G_MINMEMBER, G_RESDATE, G_STATUS, G_USER_ID, S_ID, S_NUM, T_NAME, T_LOGO, T_REGION, T_PHONE, RANKSCORE, T_MINAGE, T_MAXAGE, T_MAXMEMBER, T_MEMBER, T_INFO, S_NAME, S_REGION, S_ADDR, S_OWNER, S_PHONE FROM ( SELECT g.G_ID, g.G_TEAMID, g.G_TITLE, g.G_TAG, g.G_CREATEDATE, g.G_TIME, g.G_MINMEMBER, g.G_RESDATE, g.G_STATUS, g.T_USERID AS G_USER_ID, g.S_ID, g.S_NUM, t.T_NAME, t.T_LOGO, t.T_REGION, t.T_PHONE, t.RANKSCORE, t.T_MINAGE, t.T_MAXAGE, t.T_MAXMEMBER, t.T_MEMBER, t.T_INFO, t.CREATED_ID, t.CREATED_DATE, t.UPDATED_ID, t.UPDATED_DATE, s.S_NAME, s.S_REGION, s.S_ADDR, s.S_OWNER, s.S_PHONE, ROW_NUMBER() OVER (ORDER BY g.G_CREATEDATE DESC) AS rn FROM GAME g INNER JOIN TEAM t ON g.G_TEAMID = t.T_ID INNER JOIN STADIUM s ON g.S_ID = s.S_ID INNER JOIN REGIONCODE r ON s.S_REGION = r.region_name WHERE 1=1 AND g.G_TEAMID = #{tID} ) WHERE rn BETWEEN 1 AND 5 </select>
    
    <!--전적-->
    <select id="selectGResultInfo" resultMap="GameRecordInfoResultMap">
        <![CDATA[
        SELECT
            gr.G_ID,
            gr.T_HOMEID,
            gr.T_AWAYID,
            gr.HOME_GOAL,
            gr.AWAY_GOAL,
            gr.U_ID,
            g.G_RESDATE,
            th.T_NAME AS tHomeName,
            ta.T_NAME AS tAwayName,
            CASE
                WHEN gr.T_HOMEID = #{tID} AND (gr.HOME_GOAL - gr.AWAY_GOAL) > 0 THEN '승'
                WHEN gr.T_HOMEID = #{tID} AND (gr.HOME_GOAL - gr.AWAY_GOAL) < 0 THEN '패'
                WHEN gr.T_HOMEID = #{tID} AND (gr.HOME_GOAL - gr.AWAY_GOAL) = 0 THEN '무'
                WHEN gr.T_AWAYID = #{tID} AND (gr.AWAY_GOAL - gr.HOME_GOAL) > 0 THEN '승'
                WHEN gr.T_AWAYID = #{tID} AND (gr.AWAY_GOAL - gr.HOME_GOAL) < 0 THEN '패'
                WHEN gr.T_AWAYID = #{tID} AND (gr.AWAY_GOAL - gr.HOME_GOAL) = 0 THEN '무'
                ELSE NULL
            END AS resultType
        FROM
            G_RESULT gr
        LEFT JOIN
            GAME g ON gr.G_ID = g.G_ID
        LEFT JOIN
            TEAM th ON gr.T_HOMEID = th.T_ID
        LEFT JOIN
            TEAM ta ON gr.T_AWAYID = ta.T_ID
        WHERE
            (gr.T_HOMEID = #{tID} OR gr.T_AWAYID = #{tID})
        ]]>
        <if test="resultType != null">
            <![CDATA[
                AND (
                    (gr.T_HOMEID = #{tID} AND CASE
                        WHEN (gr.HOME_GOAL - gr.AWAY_GOAL) > 0 THEN '승'
                        WHEN (gr.HOME_GOAL - gr.AWAY_GOAL) < 0 THEN '패'
                        WHEN (gr.HOME_GOAL - gr.AWAY_GOAL) = 0 THEN '무'
                    END = #{resultType}) OR
                    (gr.T_AWAYID = #{tID} AND CASE
                        WHEN (gr.AWAY_GOAL - gr.HOME_GOAL) > 0 THEN '승'
                        WHEN (gr.AWAY_GOAL - gr.HOME_GOAL) < 0 THEN '패'
                        WHEN (gr.AWAY_GOAL - gr.HOME_GOAL) = 0 THEN '무'
                    END = #{resultType})
                )
        ]]>
        </if>
    </select>


    <select id="selectTeamMembers" resultMap="teamMemberInfoResult">
        SELECT
            TM.T_ID,
            TM.U_ID,
            TM.U_STATUS,
            U.U_BDAY,
            U.U_PHONE,
            TM.CREATED_DATE,
            CASE
                WHEN TM.U_ID = T.CREATED_ID THEN 1
                ELSE 0
            END AS LEADER
        FROM
            TEAM_MEMBER TM
        JOIN
            USERS U
        ON
            TM.U_ID = U.U_ID
        JOIN
            TEAM T
        ON
            TM.T_ID = T.T_ID
        WHERE
            TM.T_ID = #{tID}
        AND
            TM.U_STATUS = 1

    </select>




    <!--신경쓰지말고-->
    <select id="selectAllTeamInfo" resultMap="teamInfoResult">
        <![CDATA[
            SELECT * FROM TEAM
        ]]>
    </select>

    <update id="updateTeamInfo" parameterType="dc.human.whosthebest.vo.TeamInfoVO">
        <![CDATA[
            UPDATE TEAM
            SET T_NAME = #{tName}, T_LOGO = #{tLogo}, T_REGION = #{tRegion}, T_PHONE = #{tPhone},
                RANKSCORE = #{tRankScore}, T_MINAGE = #{tMinAge}, T_MAXAGE = #{tMaxAge},
                T_MAXMEMBER = #{tMaxMember}, T_MEMBER = #{tMember}, T_INFO = #{tInfo},
                UPDATED_ID = #{updatedID}, UPDATED_DATE = #{updatedDate}
            WHERE T_ID = #{tID}
        ]]>
    </update>

    <delete id="deleteTeamInfo" parameterType="int">
        <![CDATA[
            DELETE FROM TEAM
            WHERE T_ID = #{tID}
        ]]>
    </delete>
</mapper>